URL,Lastmod,Changefreq,Priority
https://metaprompt.deepsseek.diy/app/community,2025-05-11,weekly,0.9
https://metaprompt.deepsseek.diy/app/dashboard,2025-05-11,weekly,0.9
https://metaprompt.deepsseek.diy/app/editor,2025-05-11,weekly,0.9
https://metaprompt.deepsseek.diy/app/evaluation,2025-05-11,weekly,0.9
https://metaprompt.deepsseek.diy/interactive-prompt-tester,2025-05-11,weekly,0.9
https://metaprompt.deepsseek.diy/privacy,2025-05-11,weekly,0.9
https://metaprompt.deepsseek.diy/terms,2025-05-11,weekly,0.9
https://metaprompt.deepsseek.diy/zh/app/community,2025-05-11,weekly,0.9
https://metaprompt.deepsseek.diy/zh/app/dashboard,2025-05-11,weekly,0.9
https://metaprompt.deepsseek.diy/zh/app/editor,2025-05-11,weekly,0.9
https://metaprompt.deepsseek.diy/zh/app/evaluation,2025-05-11,weekly,0.9
https://metaprompt.deepsseek.diy/zh/interactive-prompt-tester,2025-05-11,weekly,0.9
https://metaprompt.deepsseek.diy/zh/privacy,2025-05-11,weekly,0.9
https://metaprompt.deepsseek.diy/zh/terms,2025-05-11,weekly,0.9
https://metaprompt.deepsseek.diy/,2025-05-11,daily,1.0
https://metaprompt.deepsseek.diy/zh,2025-05-11,daily,1.0